Humidity Value,Temperature Value,Soil moisture value,email,gender,ip_address
33,64,21,dromme0@uiuc.edu,Female,146.240.218.30
84,83,67,afortey1@tumblr.com,Female,180.133.107.51
65,3,3,dmariaud2@jiathis.com,Male,246.98.232.111
87,14,16,jdaws3@marketwatch.com,Male,142.98.11.61
15,41,49,efilinkov4@fda.gov,Female,210.187.116.96
65,79,52,bbucklee5@shop-pro.jp,Male,8.192.46.217
15,82,62,rjervis6@go.com,Male,107.220.191.116
41,26,36,ffoynes7@prlog.org,Male,212.155.248.250
48,24,9,buccelli8@cnet.com,Male,70.206.80.132
59,19,69,ewaiton9@tripadvisor.com,Female,34.166.8.244
93,90,77,cornillosa@google.es,Male,151.196.72.240
58,81,5,lbernardinib@foxnews.com,Male,179.67.39.230
73,97,49,sjobbinsc@tripadvisor.com,Male,244.6.168.197
87,50,94,ehubbartd@marriott.com,Male,85.144.207.193
37,88,12,ashermane@wordpress.com,Male,72.249.232.5
73,47,88,kmoylerf@mapquest.com,Male,216.171.102.56
72,11,57,nguilayng@nsw.gov.au,Female,131.232.247.55
82,91,53,jhamblingh@vimeo.com,Male,62.168.217.43
72,31,89,hbinderi@ameblo.jp,Male,251.92.115.77
47,55,75,cleilj@bbb.org,Male,243.111.145.80
41,63,44,mchurchardk@mozilla.com,Female,188.167.205.235
99,41,40,dsurmeyerl@mac.com,Male,14.186.137.16
98,51,49,mloughanm@hostgator.com,Male,107.56.224.136
32,90,19,dwhitmelln@moonfruit.com,Female,140.219.232.190
12,66,35,dbicknello@pcworld.com,Female,161.251.8.84
81,95,38,rhallibonep@who.int,Female,173.21.208.110
37,10,34,cairdsq@webnode.com,Female,96.56.38.46
59,41,57,swormanr@surveymonkey.com,Female,182.255.138.52
68,2,83,vtraytes@sohu.com,Female,135.77.240.128
84,15,55,gmenatt@prnewswire.com,Female,154.9.57.206
80,69,73,ladanu@furl.net,Male,120.9.156.154
31,39,95,mgudahyv@symantec.com,Female,50.246.175.16
11,38,94,bkinforthw@addthis.com,Male,8.187.15.94
9,18,2,predholex@reference.com,Female,125.53.233.166
86,51,71,cmapsony@japanpost.jp,Female,24.101.27.76
39,4,30,kluciaz@icio.us,Female,59.208.121.201
65,91,57,dyendall10@slashdot.org,Male,196.219.230.213
15,83,19,kion11@dagondesign.com,Male,122.145.19.186
78,51,100,asimmins12@va.gov,Female,0.41.56.2
36,5,68,bommanney13@independent.co.uk,Female,4.72.109.31
5,3,34,rrowatt14@dailymotion.com,Female,228.144.97.8
37,11,74,gceaplen15@youku.com,Male,35.248.166.133
26,28,66,mstation16@blogspot.com,Female,1.29.78.245
66,53,85,ldog17@dmoz.org,Female,37.252.71.237
77,62,71,hduxfield18@google.com.au,Male,158.187.188.122
69,79,32,hmathivat19@microsoft.com,Female,83.100.106.40
59,37,65,rdobkin1a@jiathis.com,Male,226.182.254.3
91,13,92,aizzatt1b@instagram.com,Female,236.166.17.101
37,55,9,epavey1c@g.co,Female,210.23.118.33
65,67,9,edanelut1d@simplemachines.org,Male,157.218.91.146
27,5,13,sphilcock1e@wikipedia.org,Female,223.1.149.91
78,96,81,gdopson1f@hubpages.com,Male,233.69.107.222
57,64,34,vclampe1g@bluehost.com,Female,247.0.237.159
90,45,75,ngwynne1h@google.de,Male,246.77.175.121
62,32,20,gskellorne1i@cbc.ca,Male,243.46.34.10
96,5,63,dsissons1j@dailymotion.com,Female,215.186.241.101
50,93,18,dtyer1k@ted.com,Male,105.231.20.82
45,2,22,rdrees1l@theguardian.com,Female,61.18.35.197
7,91,90,wstenners1m@example.com,Male,58.121.197.190
48,87,45,rguyan1n@cloudflare.com,Female,66.112.203.73
51,12,14,gsmyley1o@blogtalkradio.com,Male,87.240.5.221
20,66,53,jwalklett1p@ft.com,Male,75.180.246.14
24,75,2,itarquini1q@hp.com,Male,135.124.99.99
75,5,48,gsimione1r@exblog.jp,Female,90.8.116.245
65,64,81,mrumbellow1s@quantcast.com,Female,166.189.38.108
1,38,13,jmacterlagh1t@msu.edu,Female,64.157.95.57
34,81,54,jwiddup1u@bigcartel.com,Female,80.46.77.198
25,29,33,rcastellone1v@thetimes.co.uk,Male,108.76.19.73
70,7,91,bjanauschek1w@who.int,Male,35.13.26.78
19,91,96,sdonohoe1x@ask.com,Male,254.243.83.188
17,39,55,efashion1y@csmonitor.com,Female,61.102.72.127
64,3,75,rbetke1z@nifty.com,Female,73.108.202.45
54,100,19,mashman20@stumbleupon.com,Female,35.47.148.170
76,60,90,vboseley21@indiatimes.com,Male,127.134.238.228
50,41,77,valvaro22@cbslocal.com,Male,110.157.190.136
71,89,78,cjewitt23@adobe.com,Male,39.111.168.60
84,94,94,fdocker24@mac.com,Male,234.139.43.58
73,41,51,jsargerson25@eventbrite.com,Male,161.239.111.98
33,17,90,lmackilpatrick26@123-reg.co.uk,Male,163.127.135.88
70,17,8,gbuncombe27@edublogs.org,Female,4.184.239.225
15,44,26,mcattermoul28@unc.edu,Female,139.133.39.136
46,64,4,jsurridge29@blogger.com,Male,131.191.95.145
22,72,84,agrover2a@rambler.ru,Female,87.60.34.222
20,66,30,asteptow2b@skyrock.com,Female,90.61.207.110
54,100,100,mescalante2c@csmonitor.com,Male,199.16.64.56
49,96,25,hemons2d@homestead.com,Male,72.146.161.56
43,52,17,hcasella2e@google.co.uk,Male,167.92.230.224
99,46,50,gdewire2f@flickr.com,Male,2.77.215.247
67,24,1,wblondell2g@gravatar.com,Female,211.140.134.81
97,85,92,kbasso2h@jugem.jp,Male,101.231.52.103
19,73,100,oheyball2i@aol.com,Male,41.225.83.5
86,52,28,amurphy2j@nymag.com,Female,170.59.33.4
33,62,66,mbudgey2k@cnn.com,Female,233.151.101.210
10,26,57,trichardin2l@wiley.com,Male,35.81.254.2
82,73,24,sschops2m@i2i.jp,Male,134.218.24.218
81,7,84,akleeman2n@hexun.com,Female,138.24.154.175
89,82,42,tcrosio2o@usda.gov,Male,18.81.47.127
65,63,22,pronci2p@slate.com,Male,147.228.151.52
23,10,68,lbonsey2q@quantcast.com,Female,240.26.41.216
54,4,59,arandles2r@home.pl,Female,128.146.60.13
60,44,68,dpegrum2s@cbslocal.com,Male,128.19.164.50
68,43,3,ahuertas2t@multiply.com,Male,140.105.200.20
69,81,79,bcruse2u@nymag.com,Male,103.231.238.106
25,25,30,kfriese2v@epa.gov,Female,54.220.133.145
17,43,31,amacadam2w@hexun.com,Female,31.101.31.87
76,53,44,vdezamudio2x@seattletimes.com,Male,94.140.44.73
85,31,92,dbarthorpe2y@arstechnica.com,Female,158.91.76.89
45,55,38,bmckeating2z@omniture.com,Female,220.199.189.9
1,58,91,mtwelvetrees30@so-net.ne.jp,Female,15.188.43.207
2,28,91,ebennion31@blogs.com,Female,218.25.194.75
54,59,65,jcaslin32@etsy.com,Female,49.233.184.77
4,70,94,mlodder33@kickstarter.com,Female,130.93.19.128
62,45,66,gwalkden34@jiathis.com,Male,225.50.151.60
6,88,87,cmacmichael35@abc.net.au,Female,83.129.231.177
75,88,18,hstledger36@ftc.gov,Female,91.244.121.148
25,70,34,tmathe37@phoca.cz,Female,136.161.222.21
90,2,1,bgozney38@nsw.gov.au,Female,178.123.91.221
68,40,100,cfarren39@godaddy.com,Male,180.118.180.153
4,50,80,bshurrock3a@cpanel.net,Male,203.203.220.43
12,66,55,hdyter3b@businessinsider.com,Male,173.113.126.40
95,34,61,oapfler3c@rambler.ru,Male,187.175.177.58
50,90,19,bsaffrin3d@nasa.gov,Female,31.107.173.150
73,38,38,scamois3e@artisteer.com,Male,97.98.104.9
23,55,24,ldalesco3f@privacy.gov.au,Male,159.162.44.149
59,41,42,vanning3g@istockphoto.com,Female,21.154.71.226
56,76,96,bwesker3h@noaa.gov,Male,103.109.34.101
82,4,18,tjeayes3i@goo.ne.jp,Male,154.241.211.240
70,10,1,pcaygill3j@phoca.cz,Male,45.148.154.208
39,29,100,gswine3k@census.gov,Female,164.218.238.173
93,50,52,mandriolli3l@scientificamerican.com,Male,14.53.44.146
85,35,36,adallosso3m@1688.com,Female,94.89.218.167
8,44,90,bdesvignes3n@google.cn,Male,234.51.186.108
16,69,7,bmaunton3o@etsy.com,Male,83.181.103.240
63,62,11,fbrason3p@washingtonpost.com,Female,98.247.50.196
91,8,90,skiraly3q@instagram.com,Male,191.252.175.118
31,21,51,bpepperd3r@last.fm,Female,60.203.60.6
98,70,37,marling3s@wp.com,Male,114.121.249.160
72,1,28,rgouldthorpe3t@businesswire.com,Female,146.217.227.243
70,91,68,feasen3u@a8.net,Female,28.193.27.84
18,61,49,slindelof3v@google.ru,Male,200.25.146.43
91,91,25,gchatan3w@sina.com.cn,Male,245.165.74.167
89,97,59,bcurrey3x@cafepress.com,Female,240.228.69.138
55,50,56,ahavard3y@tiny.cc,Female,58.214.10.234
3,45,76,sbladder3z@rediff.com,Male,26.103.1.115
90,31,44,lmanuel40@pcworld.com,Female,1.142.20.109
43,86,51,alandsborough41@tripod.com,Male,181.150.78.227
1,83,18,aalejandro42@ebay.co.uk,Male,24.45.6.196
73,87,47,jmillar43@nsw.gov.au,Male,117.236.182.184
35,21,94,sdeighton44@list-manage.com,Female,14.252.153.45
73,61,80,vmanby45@edublogs.org,Female,92.177.45.223
23,36,22,mfrizell46@seattletimes.com,Female,61.93.103.49
58,24,4,dsweetmore47@fastcompany.com,Female,191.209.149.197
73,57,14,tsongust48@drupal.org,Female,135.46.24.220
8,26,71,tinglefield49@state.tx.us,Female,36.235.85.125
91,79,66,pjagger4a@va.gov,Female,82.9.161.174
31,88,88,broyson4b@google.pl,Male,205.160.157.38
22,12,72,smarryatt4c@deviantart.com,Female,160.243.253.135
45,61,52,bsqueers4d@t-online.de,Male,31.20.117.233
75,24,13,dburfield4e@altervista.org,Female,31.115.250.85
69,78,52,bsquier4f@symantec.com,Male,154.184.85.84
87,82,13,jhumburton4g@netvibes.com,Female,125.112.15.199
71,90,42,lditzel4h@sciencedaily.com,Male,222.222.122.86
40,10,15,bworvill4i@jalbum.net,Male,187.54.219.28
75,45,72,enana4j@bing.com,Male,150.216.199.105
15,51,72,csmouten4k@4shared.com,Male,134.186.26.136
72,32,51,lelham4l@mail.ru,Male,171.59.203.251
72,14,57,nthomason4m@naver.com,Female,5.178.174.140
51,91,26,jarmor4n@bandcamp.com,Female,61.107.133.46
91,66,95,lbreewood4o@squarespace.com,Female,38.69.230.186
31,83,76,owrankmore4p@nature.com,Male,40.183.218.180
17,23,32,dvivians4q@eventbrite.com,Male,122.22.184.233
82,58,94,bbento4r@hexun.com,Male,192.63.206.56
49,75,59,jspaingower4s@godaddy.com,Female,109.72.172.211
4,93,37,erylance4t@freewebs.com,Female,242.167.151.131
11,73,99,mcargenven4u@slashdot.org,Female,17.233.174.205
82,52,77,hdarrell4v@lulu.com,Male,209.81.144.156
39,11,4,tgreenhill4w@moonfruit.com,Female,22.215.246.135
31,80,21,jvalti4x@washingtonpost.com,Female,62.253.131.9
32,45,71,gpert4y@prnewswire.com,Female,39.193.237.253
100,73,75,tblanking4z@rakuten.co.jp,Female,3.109.193.134
75,53,86,afeldklein50@gov.uk,Female,10.85.68.235
10,21,4,gfarland51@cyberchimps.com,Female,87.170.52.254
54,65,87,rtwell52@ycombinator.com,Male,90.165.131.251
28,9,57,pwildor53@gnu.org,Female,211.232.152.246
59,88,60,achopy54@loc.gov,Male,175.104.67.148
76,45,53,ccunradi55@hatena.ne.jp,Male,189.255.104.249
20,99,55,msquirrel56@cnet.com,Female,129.234.208.73
15,93,37,wguilfoyle57@usatoday.com,Male,39.82.102.159
58,92,59,rcreamen58@weebly.com,Male,81.143.56.209
81,52,36,kolenikov59@plala.or.jp,Male,117.89.173.195
91,75,22,wwork5a@un.org,Male,236.130.72.125
5,84,76,sbugler5b@gnu.org,Male,33.22.209.160
8,67,3,rburlingham5c@whitehouse.gov,Female,33.119.110.93
93,9,22,rcrotty5d@com.com,Male,170.238.24.127
96,87,35,dpickring5e@engadget.com,Male,77.76.21.82
33,95,59,kfoyston5f@reverbnation.com,Male,165.50.41.27
6,12,46,ubradbury5g@goo.ne.jp,Male,55.131.150.246
53,32,32,gcorcut5h@auda.org.au,Male,224.214.130.140
63,13,86,acanas5i@home.pl,Female,202.8.22.114
6,25,39,etregent5j@japanpost.jp,Female,59.15.27.242
46,10,12,dsmitheman5k@facebook.com,Male,39.97.136.134
99,51,48,kmeconi5l@nyu.edu,Female,66.24.65.130
47,43,5,sheeley5m@house.gov,Male,52.143.241.164
82,5,94,dlarrosa5n@taobao.com,Male,97.17.164.207
57,37,44,ljanny5o@liveinternet.ru,Female,75.85.219.7
84,59,26,fjoyce5p@eepurl.com,Female,165.189.129.249
35,8,95,amaccrosson5q@nps.gov,Male,64.172.30.252
47,93,89,ghetterich5r@goodreads.com,Male,137.14.126.255
19,59,12,rstorms5s@zimbio.com,Female,160.95.174.113
22,7,18,wbrotheridge5t@dmoz.org,Male,39.224.65.51
46,3,96,gwaterhouse5u@dion.ne.jp,Male,128.200.123.215
58,30,47,ebirtle5v@nyu.edu,Male,220.36.99.78
1,83,81,fsilversmid5w@businesswire.com,Female,167.207.153.192
9,37,86,acaren5x@imgur.com,Male,27.238.173.142
66,28,4,rdominico5y@mediafire.com,Male,138.70.70.197
44,48,67,mfilkov5z@yahoo.com,Female,123.122.196.220
87,48,11,mcarefull60@cyberchimps.com,Male,79.239.17.132
18,31,37,remanuele61@ovh.net,Male,81.227.157.123
54,31,89,vguillard62@linkedin.com,Male,181.117.114.206
58,24,66,wmessier63@skype.com,Female,122.95.17.203
53,31,20,fambroix64@hhs.gov,Male,160.104.174.197
38,84,40,nbowhay65@parallels.com,Female,185.71.192.3
30,86,55,cegle66@dyndns.org,Male,42.195.168.236
7,33,62,yravillas67@tinypic.com,Female,149.23.220.35
71,49,83,chyslop68@slate.com,Male,138.52.12.207
62,46,20,lbrideau69@berkeley.edu,Female,114.2.1.199
87,57,35,rdibartolomeo6a@comsenz.com,Female,148.227.74.9
52,68,28,bwarbeys6b@redcross.org,Female,11.0.238.15
36,58,46,ifaill6c@businesswire.com,Female,139.102.202.230
15,28,27,scordeau6d@hibu.com,Male,53.26.226.209
2,91,32,cmacmenamy6e@wsj.com,Male,254.135.83.88
10,89,30,jsaller6f@infoseek.co.jp,Female,108.122.224.52
52,15,20,tjuckes6g@yellowpages.com,Male,191.98.62.11
96,47,6,alargent6h@ucsd.edu,Female,162.67.11.56
76,68,5,gdani6i@webnode.com,Male,249.192.245.71
25,60,85,jdamerell6j@noaa.gov,Male,169.178.172.226
22,21,55,askells6k@qq.com,Female,164.63.138.127
84,69,58,gfreed6l@amazon.com,Female,149.200.71.206
18,28,43,dlehrer6m@ocn.ne.jp,Female,168.101.89.6
84,45,97,lcribbin6n@geocities.com,Male,189.73.22.28
2,58,18,rgiaomozzo6o@elegantthemes.com,Female,223.174.203.38
19,56,80,zwhyley6p@furl.net,Female,125.171.51.70
18,84,95,ldurek6q@bbc.co.uk,Male,17.100.41.61
55,39,12,dduddell6r@barnesandnoble.com,Male,216.25.93.150
84,83,28,slaugherane6s@wunderground.com,Female,205.166.126.214
37,65,67,epimlett6t@slideshare.net,Female,242.0.178.195
1,96,6,sromanin6u@g.co,Male,167.243.54.64
65,11,13,afarnhill6v@squidoo.com,Male,233.177.134.53
66,74,25,mlambie6w@forbes.com,Female,253.26.218.106
16,57,59,ksotheby6x@github.com,Male,0.187.112.31
21,36,69,asainthill6y@soup.io,Female,214.225.68.154
77,87,44,storrie6z@loc.gov,Male,105.162.46.133
38,89,26,mgegg70@webs.com,Female,53.17.248.126
25,64,36,arummings71@upenn.edu,Female,174.254.51.36
52,50,78,sivachyov72@yale.edu,Female,197.208.250.238
28,11,21,ahurley73@360.cn,Female,91.255.243.10
28,63,14,njenk74@privacy.gov.au,Male,165.77.67.74
22,86,100,cblind75@wordpress.org,Male,38.40.26.197
7,89,15,smount76@oracle.com,Male,165.39.103.11
39,51,26,areilly77@mail.ru,Male,37.164.87.92
72,50,96,wfinnimore78@lulu.com,Female,51.116.122.223
30,66,93,ngovey79@gov.uk,Female,39.3.107.166
99,90,52,kewdale7a@yelp.com,Male,189.243.172.135
55,31,68,vovernell7b@ihg.com,Female,236.189.86.127
2,3,40,mharling7c@foxnews.com,Male,134.216.158.147
9,58,10,cpretty7d@mashable.com,Female,235.191.203.175
85,67,37,odunley7e@51.la,Female,146.123.53.170
64,55,100,dbadcock7f@sitemeter.com,Female,147.142.246.54
99,55,39,hcoughan7g@goodreads.com,Female,46.236.229.12
72,31,41,lkeuning7h@disqus.com,Male,87.20.151.254
18,84,45,gopy7i@gov.uk,Male,47.195.138.221
21,79,16,rmytton7j@guardian.co.uk,Female,206.127.22.227
35,30,93,bbrehault7k@t-online.de,Female,194.27.138.15
38,72,5,tpohl7l@mapquest.com,Female,94.254.249.118
4,30,89,mkunzler7m@bbb.org,Female,229.72.146.86
74,5,18,amoodie7n@sphinn.com,Female,42.23.128.194
50,79,48,sblesdill7o@seattletimes.com,Male,223.37.87.90
29,35,85,helstone7p@dyndns.org,Male,117.60.151.159
70,26,38,relfe7q@domainmarket.com,Male,145.81.34.132
79,28,89,epahl7r@msu.edu,Female,152.78.88.106
56,77,73,lkubalek7s@ted.com,Male,242.109.196.220
77,2,29,sonslow7t@nih.gov,Female,47.30.68.204
89,45,16,gmaplethorpe7u@360.cn,Female,74.49.183.0
67,28,85,sstriker7v@miibeian.gov.cn,Female,62.253.215.53
43,99,31,tconstantine7w@cnbc.com,Male,144.90.180.228
48,74,37,cprestige7x@typepad.com,Female,63.21.90.49
3,6,17,mtyers7y@indiegogo.com,Female,245.165.71.66
88,89,5,cpeddersen7z@dot.gov,Male,32.101.206.77
93,49,37,jrebanks80@163.com,Male,168.48.63.82
23,45,11,cpurbrick81@house.gov,Male,11.202.219.96
99,74,16,chollier82@de.vu,Female,180.219.123.132
85,21,89,eeisak83@soup.io,Male,206.192.192.42
53,14,35,lscain84@prweb.com,Male,46.95.114.18
4,57,36,mellery85@hugedomains.com,Male,89.106.244.242
7,14,66,kiacovacci86@hibu.com,Male,229.170.144.188
29,63,75,jgraham87@bizjournals.com,Male,219.252.184.91
35,50,5,kgrevile88@epa.gov,Female,183.13.227.40
35,76,60,fgillcrist89@berkeley.edu,Male,133.140.247.80
7,31,94,aruzicka8a@craigslist.org,Male,27.229.62.46
51,38,84,ctollet8b@typepad.com,Female,33.141.157.168
13,13,6,astaning8c@pagesperso-orange.fr,Female,64.104.203.158
52,81,13,rcraker8d@topsy.com,Female,10.95.206.36
45,32,61,cstamper8e@jugem.jp,Male,192.131.137.22
51,99,42,cnorwell8f@1688.com,Female,182.88.25.150
58,2,66,lshiels8g@google.com.hk,Male,161.246.15.158
76,63,40,cplester8h@yellowbook.com,Female,217.195.105.167
59,19,3,kdudley8i@zimbio.com,Male,48.144.103.128
26,54,55,eroches8j@shop-pro.jp,Female,186.201.18.14
4,74,18,fgladdish8k@desdev.cn,Female,155.206.237.243
13,83,16,jbuttrick8l@gmpg.org,Female,66.3.252.17
69,46,14,kneicho8m@odnoklassniki.ru,Male,170.157.8.192
88,93,85,msibray8n@washington.edu,Male,149.64.126.105
79,24,91,bhawkswood8o@arstechnica.com,Male,190.163.185.13
66,7,46,htolle8p@flavors.me,Male,121.177.102.172
27,65,90,mgallgher8q@example.com,Female,136.139.50.31
3,90,16,lbrandacci8r@flickr.com,Female,132.40.53.110
83,71,95,brassell8s@w3.org,Male,182.8.161.195
53,83,95,ewallsam8t@ow.ly,Female,4.145.136.132
93,13,43,cpostles8u@mac.com,Male,4.90.139.134
44,73,4,rhexum8v@bravesites.com,Female,255.156.145.63
34,100,34,gchaloner8w@moonfruit.com,Male,51.141.22.207
35,63,81,ktatnell8x@spotify.com,Male,236.161.179.70
34,62,63,emelson8y@newyorker.com,Male,172.139.186.158
5,81,25,ssnar8z@cornell.edu,Male,63.217.76.163
52,8,46,mtreleaven90@aol.com,Male,18.172.82.111
32,10,93,ggregoraci91@twitter.com,Male,211.248.29.129
25,58,6,kzeal92@hhs.gov,Female,126.178.5.47
32,44,4,dansell93@instagram.com,Male,89.61.104.158
9,78,97,wmudle94@vkontakte.ru,Female,172.192.180.237
64,58,66,mfusco95@indiegogo.com,Female,19.255.226.66
35,48,10,rindruch96@ezinearticles.com,Male,147.99.179.247
95,4,96,avanderkruys97@ftc.gov,Male,215.201.185.55
47,25,2,vtute98@instagram.com,Female,20.57.209.234
19,100,83,bbertholin99@arstechnica.com,Male,215.81.227.134
45,29,75,fbradder9a@wunderground.com,Male,140.167.147.148
43,49,54,mvanleijs9b@mashable.com,Female,56.236.194.21
42,65,70,lfabler9c@zdnet.com,Male,212.127.121.15
56,57,82,fhallatt9d@constantcontact.com,Female,238.217.22.78
5,10,79,gscorer9e@soundcloud.com,Male,69.3.184.3
62,4,2,dcoultard9f@over-blog.com,Female,50.182.240.51
93,31,32,vquerrard9g@mayoclinic.com,Female,243.251.161.65
67,80,64,ssapsford9h@blogtalkradio.com,Male,28.8.89.151
46,82,89,lplaster9i@nasa.gov,Male,197.41.161.135
12,80,40,dstovin9j@forbes.com,Male,32.147.73.111
32,93,83,sallender9k@gnu.org,Female,151.252.199.88
72,86,50,ndorsett9l@delicious.com,Female,108.171.38.234
54,58,66,thowchin9m@tripod.com,Male,66.169.105.148
33,54,7,gwasbey9n@mit.edu,Female,153.179.7.131
44,6,54,jpatrono9o@omniture.com,Female,166.8.56.194
74,66,25,nantham9p@arstechnica.com,Male,51.175.83.137
14,98,40,bgerhartz9q@techcrunch.com,Female,11.21.166.101
84,48,52,dtapin9r@japanpost.jp,Male,242.138.53.184
69,45,12,nkittles9s@google.pl,Female,47.123.8.25
19,24,45,mbaudou9t@gov.uk,Male,168.41.183.60
64,31,54,gbertelet9u@sciencedirect.com,Female,57.93.223.34
100,95,13,bblazejewski9v@bravesites.com,Female,218.4.175.147
85,72,36,bbloxsome9w@tripadvisor.com,Male,91.52.197.244
66,19,88,pcorley9x@wikispaces.com,Male,179.244.195.90
54,19,37,wsawforde9y@soundcloud.com,Female,17.186.169.151
74,98,47,aparrish9z@cisco.com,Male,54.193.233.111
75,17,59,vburchatta0@chronoengine.com,Male,9.18.105.182
18,58,42,cforstalla1@zimbio.com,Female,60.153.124.8
24,24,55,ndullinghama2@tmall.com,Female,208.114.167.234
37,33,34,etownera3@yellowbook.com,Male,153.248.34.30
50,31,9,ocastelluzzia4@t-online.de,Male,70.207.33.24
60,94,9,wthorlbya5@usa.gov,Female,155.192.1.128
90,85,22,rcongrevea6@discovery.com,Female,83.84.87.196
2,25,27,kascroftea7@163.com,Female,10.150.107.37
34,91,11,gjozsefa8@cbc.ca,Female,70.172.204.157
74,11,72,aharwicka9@goo.gl,Female,109.170.112.248
72,63,65,owoodleyaa@symantec.com,Female,7.173.165.107
65,70,95,guphamab@zimbio.com,Female,195.191.53.250
76,21,48,rolyetac@sina.com.cn,Female,225.64.220.65
15,8,98,cplessingad@nhs.uk,Female,208.52.96.206
38,8,1,bhabbenae@so-net.ne.jp,Male,199.211.194.152
12,87,99,sdunkertonaf@kickstarter.com,Female,45.83.169.137
24,14,1,pwillshireag@shutterfly.com,Female,231.93.193.139
16,20,94,gelsdonah@woothemes.com,Male,0.9.203.139
29,11,29,mdandyai@slashdot.org,Female,42.121.55.64
34,84,81,ccundictaj@icio.us,Female,117.122.147.192
97,60,39,gstigglesak@blog.com,Male,107.16.74.134
6,47,74,bflanaganal@biglobe.ne.jp,Female,134.76.147.12
63,74,56,mahearneam@odnoklassniki.ru,Male,117.92.43.11
76,10,37,mdunkan@pbs.org,Male,21.116.203.180
15,24,74,dwagstaffao@sciencedirect.com,Male,118.144.155.69
91,12,98,frosebladeap@japanpost.jp,Female,138.65.55.182
10,37,3,ocheatleaq@canalblog.com,Male,254.193.67.226
4,49,71,uchallengerar@jimdo.com,Male,20.198.145.137
48,84,100,wstuehmeyeras@odnoklassniki.ru,Female,172.213.53.16
3,10,47,kkendallat@angelfire.com,Female,32.127.243.83
72,88,20,sgreensittau@nifty.com,Female,186.194.202.145
35,91,77,iroggersav@oakley.com,Male,25.181.72.51
42,44,76,tagettaw@tinypic.com,Male,26.26.63.58
49,67,90,aburdessax@issuu.com,Male,144.244.134.108
23,100,42,cverrallsay@guardian.co.uk,Male,124.11.209.243
5,75,82,gcrabaz@jigsy.com,Male,132.65.227.190
74,68,12,mbachmannb0@cisco.com,Male,82.96.225.145
91,66,76,swhalebellyb1@archive.org,Female,216.77.127.175
78,91,83,amccrachenb2@narod.ru,Female,186.226.223.18
17,32,50,amquhanb3@reuters.com,Male,136.9.153.227
45,62,47,zbengallb4@vistaprint.com,Female,119.207.161.224
13,27,70,gballingerb5@google.fr,Female,116.63.91.34
22,70,35,vstoteb6@a8.net,Male,253.96.244.152
18,54,86,lblundonb7@nifty.com,Female,105.160.147.100
82,98,31,rduddenb8@msn.com,Male,0.244.21.24
57,77,39,gdevonshireb9@phoca.cz,Male,189.181.112.93
28,97,53,egerholdba@census.gov,Male,22.150.4.251
51,3,9,lslimanbb@zdnet.com,Male,224.4.9.217
13,78,59,klearoydebc@exblog.jp,Female,244.123.143.167
83,62,79,mteaserbd@usda.gov,Male,17.46.227.216
6,30,19,lgroartybe@amazonaws.com,Male,4.219.242.195
73,42,89,fkasebf@abc.net.au,Female,175.204.76.184
12,27,16,mrubiebg@gmpg.org,Male,231.238.93.52
85,50,54,lclemittbh@telegraph.co.uk,Male,52.73.46.235
84,22,24,edmtrovicbi@craigslist.org,Male,111.58.138.136
12,77,28,ldeernessbj@dell.com,Male,28.130.51.243
14,45,73,ihaddletonbk@ovh.net,Female,119.118.87.28
80,54,73,dclemmensenbl@t-online.de,Female,186.246.99.128
93,92,20,hruberrybm@joomla.org,Female,143.26.128.225
36,62,19,hmartinecbn@tumblr.com,Female,95.143.16.219
49,15,3,gcolthurstbo@parallels.com,Male,163.165.53.158
74,47,94,hocosgrabp@ebay.com,Male,174.65.248.83
4,20,34,jgennerbq@t-online.de,Female,43.36.191.101
23,21,6,jsievebr@canalblog.com,Female,214.75.85.36
100,73,40,lgouninbs@pcworld.com,Male,45.79.186.218
63,2,99,ecatleybt@wp.com,Male,92.57.193.5
48,26,74,cyeardleybu@nsw.gov.au,Male,113.209.116.227
11,73,51,mcumberpatchbv@icio.us,Male,194.0.234.86
40,58,90,trojbw@umich.edu,Female,211.125.138.72
100,11,49,nhadawaybx@whitehouse.gov,Male,236.156.218.33
3,84,97,mbeggiby@cnet.com,Male,204.227.252.42
74,83,30,ecoughbz@vk.com,Male,110.119.171.111
71,1,6,mduckettc0@ucoz.ru,Female,30.154.109.227
33,90,52,bdodwellc1@prlog.org,Female,62.152.147.203
89,36,95,gpovahc2@woothemes.com,Female,148.202.5.244
23,40,62,acontic3@ucoz.com,Male,93.98.37.223
30,52,45,hrowthornc4@uol.com.br,Female,124.29.237.211
55,59,82,hscirmanc5@artisteer.com,Male,226.123.78.187
100,45,21,pcatterellc6@forbes.com,Female,219.0.102.232
26,36,15,lmorefieldc7@dion.ne.jp,Male,248.2.147.36
76,43,70,eticicc8@bizjournals.com,Female,100.53.234.93
74,52,44,bmeldingc9@tumblr.com,Male,119.241.106.232
91,28,28,gferrellica@usnews.com,Female,171.134.138.76
76,42,60,mcominotticb@whitehouse.gov,Male,199.123.211.152
26,31,8,arosenkranccc@ucsd.edu,Male,33.5.37.222
47,97,80,shasselbycd@cyberchimps.com,Female,251.115.99.88
35,23,11,cfennce@trellian.com,Female,255.23.114.2
23,60,82,ejaggerscf@webeden.co.uk,Female,184.38.139.236
1,76,30,aroberdscg@google.co.jp,Male,232.6.212.200
95,25,11,djuckesch@spiegel.de,Female,84.44.102.219
71,89,67,mbussettici@google.es,Female,105.243.31.185
80,85,73,cklampcj@usatoday.com,Male,245.38.36.247
66,87,70,krealphck@163.com,Female,166.83.222.29
90,34,8,erekescl@biblegateway.com,Male,219.38.227.88
28,40,54,seltunecm@cmu.edu,Female,51.189.122.17
13,77,32,cpatekcn@ow.ly,Male,221.128.92.14
33,46,17,alubmanco@instagram.com,Female,40.75.243.90
89,44,49,felmescp@msn.com,Female,168.30.136.229
46,58,31,alobliecq@oakley.com,Female,127.192.62.193
68,29,47,dbunclarkcr@whitehouse.gov,Male,89.127.177.169
69,58,84,edreschlercs@sbwire.com,Female,11.5.248.178
29,54,79,nsetfordct@aol.com,Female,48.184.229.172
43,3,44,adeerrcu@usnews.com,Male,151.171.125.136
100,38,50,etribecv@statcounter.com,Female,250.212.139.130
50,72,93,hwillmotcw@yellowbook.com,Female,59.92.113.117
68,22,63,fhullescx@howstuffworks.com,Female,216.134.189.234
82,4,17,kprattycy@narod.ru,Male,105.109.99.115
90,94,33,tnorgancz@boston.com,Male,55.76.235.22
99,92,81,rloachheadd0@bloomberg.com,Female,194.154.196.5
41,20,6,tmowsdaled1@51.la,Male,180.35.220.255
93,98,67,lgallemored2@taobao.com,Male,144.166.61.0
60,45,51,asigged3@netscape.com,Male,24.156.97.218
77,99,15,lchasierd4@google.co.jp,Male,156.157.206.51
67,66,78,tstraceyd5@java.com,Male,115.89.129.187
74,87,85,mfalld6@dyndns.org,Female,62.250.76.68
60,3,79,tdmisekd7@live.com,Male,159.212.155.124
40,21,70,kgonsalvezd8@nationalgeographic.com,Female,178.233.39.153
35,81,41,mhantond9@microsoft.com,Male,111.151.217.112
3,79,5,gdartheda@omniture.com,Male,91.110.131.4
15,12,13,acamollidb@people.com.cn,Female,252.104.154.124
32,6,93,xbrudc@hexun.com,Male,106.125.38.234
99,24,68,acreminsdd@hp.com,Male,208.241.159.105
16,3,64,balderseyde@harvard.edu,Female,203.252.137.127
50,2,83,svanderhoevendf@jugem.jp,Female,112.158.128.254
34,70,67,kkneebonedg@redcross.org,Male,210.113.91.8
28,69,22,byakebovichdh@creativecommons.org,Female,85.113.85.213
47,54,42,pbrockherstdi@woothemes.com,Female,240.68.40.171
8,49,100,cdenkindj@icio.us,Male,54.30.168.16
86,49,3,bjagerdk@studiopress.com,Female,111.193.220.235
32,46,13,nricolddl@state.tx.us,Female,62.199.42.185
47,34,1,ealeksandrevdm@shutterfly.com,Female,102.149.30.17
13,23,68,ccellerdn@techcrunch.com,Female,234.51.81.238
95,46,52,htredgerdo@usda.gov,Female,214.46.221.54
95,71,79,egiabuzzidp@forbes.com,Female,53.203.150.158
57,85,64,rdreverdq@java.com,Female,17.150.200.112
10,44,56,sbrainsbydr@joomla.org,Male,178.27.144.120
98,100,3,shebblewaiteds@wunderground.com,Male,185.124.146.240
54,57,10,croyansdt@shop-pro.jp,Female,195.129.205.148
33,87,81,ewidmoredu@vimeo.com,Male,191.184.100.121
11,12,18,bgannandv@pen.io,Female,116.13.96.15
54,88,64,eracciodw@bloomberg.com,Female,193.16.168.107
96,7,75,mduffittdx@accuweather.com,Male,64.123.214.85
50,36,47,fassiterdy@usatoday.com,Female,13.217.162.10
94,53,56,uszantodz@omniture.com,Male,34.114.162.162
55,7,50,ggreenhoughe0@redcross.org,Male,55.158.40.7
49,43,11,asorleye1@ucoz.ru,Female,41.68.120.193
70,43,44,jinnse2@wikispaces.com,Male,32.5.230.95
78,64,4,fdesporte3@nbcnews.com,Female,237.84.34.194
53,50,54,croggemane4@github.io,Female,86.77.31.156
42,95,19,dcattone5@bigcartel.com,Male,212.108.226.72
16,36,77,aswyersexeye6@ftc.gov,Female,161.185.16.248
73,13,47,mduddene7@trellian.com,Female,15.116.102.93
47,61,80,obirtwhistlee8@google.ru,Male,181.229.206.133
62,83,7,dgrzegoreckie9@ucla.edu,Male,44.208.120.254
39,16,2,badaminiea@wunderground.com,Female,37.201.74.133
29,1,27,cbowelleb@rakuten.co.jp,Male,228.155.192.192
57,28,13,hzealec@jalbum.net,Male,104.248.80.48
64,65,80,fsweeneyed@nba.com,Female,24.30.153.179
55,85,19,ematyushkinee@redcross.org,Male,2.140.16.249
16,27,25,jtappef@mlb.com,Female,250.63.240.191
63,94,22,lerdiseg@eepurl.com,Female,62.1.168.179
85,6,40,dnairneh@ucsd.edu,Female,252.146.151.186
32,44,49,kboddieei@dyndns.org,Male,79.212.185.17
70,19,97,ywelchej@pagesperso-orange.fr,Male,219.65.13.192
86,79,56,lfilpoek@creativecommons.org,Male,172.161.179.48
91,49,88,atregearel@ebay.com,Female,30.78.50.111
80,96,86,ltaintonem@miitbeian.gov.cn,Male,207.129.178.44
58,7,39,harrigoen@mlb.com,Female,98.11.185.19
62,24,25,rrosengarteneo@sakura.ne.jp,Female,144.72.95.175
70,44,24,kelverstonep@behance.net,Male,241.246.118.92
91,46,16,akempeeq@imageshack.us,Female,51.246.81.154
43,68,47,wgolliner@cpanel.net,Male,20.176.36.30
59,82,54,caubreyes@umich.edu,Male,62.73.118.169
55,81,45,gloitertonet@unc.edu,Female,143.36.125.97
55,8,50,clobleyeu@vinaora.com,Male,29.101.220.192
86,28,25,jhalversenev@sogou.com,Female,142.196.235.138
58,28,34,amacgloryew@phoca.cz,Female,222.19.185.190
98,29,9,emcorkillex@cpanel.net,Female,14.207.36.90
39,11,61,kdillwayey@xinhuanet.com,Female,247.32.164.193
84,72,100,asewartez@ox.ac.uk,Male,214.112.157.163
79,83,4,bcarnierf0@drupal.org,Male,137.204.216.13
83,18,58,nmcgauganf1@businessweek.com,Female,132.193.161.131
78,57,15,igraylandf2@bing.com,Male,44.22.175.25
60,6,57,tdawidowitzf3@examiner.com,Male,128.31.205.23
21,34,100,ggritsaevf4@edublogs.org,Female,222.15.17.91
39,95,18,cbolusf5@hatena.ne.jp,Male,136.229.206.17
9,68,51,jmerklef6@dailymail.co.uk,Male,45.22.6.105
87,75,93,awandlessf7@de.vu,Female,178.108.13.191
53,15,97,rconingf8@craigslist.org,Female,243.62.20.241
97,34,53,nmcevonf9@ted.com,Female,16.191.127.78
71,59,66,lcottillfa@technorati.com,Male,69.175.102.152
53,81,15,kkyddfb@noaa.gov,Male,77.22.192.148
23,88,4,wharradfc@usa.gov,Male,197.137.85.205
93,92,80,rbalcockfd@bbc.co.uk,Female,200.201.240.192
85,83,82,fsyrattfe@harvard.edu,Female,207.53.17.198
52,72,47,hemansonff@japanpost.jp,Female,104.190.160.193
24,38,69,bcrombiefg@tuttocitta.it,Male,222.226.106.31
84,49,52,fmccarneyfh@forbes.com,Female,126.253.218.186
78,50,31,sdockrillfi@ocn.ne.jp,Male,229.167.44.121
38,14,84,pshackesbyfj@google.es,Female,49.191.14.251
75,16,73,cpefferfk@narod.ru,Male,38.66.106.185
69,66,10,nwasmuthfl@cpanel.net,Male,107.185.182.228
64,96,87,hpaddickfm@admin.ch,Female,12.102.85.253
31,55,96,edrakefn@msu.edu,Female,60.182.9.99
55,4,58,fderkesfo@nsw.gov.au,Male,216.196.188.44
61,68,66,wabthorpefp@whitehouse.gov,Female,25.162.230.184
13,52,69,mcooganfq@wired.com,Male,195.54.29.212
84,50,64,bsilversmidtfr@cloudflare.com,Male,39.222.16.86
47,55,75,aparcellfs@163.com,Female,245.199.153.230
46,37,85,gmciloryft@spotify.com,Male,61.187.91.79
52,54,85,cguitonneaufu@etsy.com,Female,175.163.28.255
21,60,91,ethompsettfv@booking.com,Female,147.215.222.29
19,53,92,hmallettfw@wordpress.com,Male,118.118.66.131
23,64,36,bswensonfx@paginegialle.it,Female,105.232.237.157
40,63,39,mbownfy@aboutads.info,Male,240.22.140.76
81,93,85,lrolphfz@printfriendly.com,Female,30.6.42.171
56,62,68,mmeckiffg0@mac.com,Female,183.237.119.111
42,73,19,araysg1@timesonline.co.uk,Male,193.125.122.233
13,77,96,sbristoweg2@bbc.co.uk,Female,183.228.83.22
96,41,40,bfitzgeraldg3@cnet.com,Male,128.91.229.175
90,36,43,hveljesg4@a8.net,Male,227.208.174.76
59,73,20,vdraysong5@scribd.com,Male,46.6.74.193
6,52,40,cgoutcherg6@devhub.com,Male,232.29.170.110
72,7,2,jgreenroadg7@people.com.cn,Female,45.10.135.224
31,7,80,spiddletowng8@arizona.edu,Male,113.209.160.9
56,91,8,aparonig9@indiatimes.com,Male,142.156.227.98
12,12,64,kmcgauhyga@ameblo.jp,Male,19.125.14.173
77,47,1,srabjohngb@biglobe.ne.jp,Male,62.37.223.52
81,74,23,smarriangc@google.it,Male,31.255.82.68
74,53,87,gfranzewitchgd@springer.com,Female,234.137.145.100
35,51,54,kstruttonge@baidu.com,Male,191.62.183.224
72,10,6,bsaltresegf@opensource.org,Male,207.21.190.191
25,37,35,apitfieldgg@e-recht24.de,Female,61.232.111.252
49,36,57,clivezleygh@amazon.com,Male,31.156.82.243
95,48,59,bmounchgi@newsvine.com,Female,144.204.180.77
28,1,41,akunzegj@intel.com,Female,194.82.240.128
52,33,97,ddrinkhallgk@homestead.com,Female,195.113.232.129
100,22,75,kisacssongl@edublogs.org,Male,204.255.249.150
98,81,14,pbrundrettgm@sohu.com,Female,239.23.53.227
88,90,1,ibezarragn@apple.com,Female,177.99.236.153
8,95,46,pfaersgo@guardian.co.uk,Female,39.134.99.19
22,68,91,sarrighettigp@buzzfeed.com,Female,44.39.255.164
4,8,95,cleedgq@ebay.com,Male,223.147.205.84
27,82,22,abasezzigr@parallels.com,Male,252.21.103.89
96,9,12,emccathiegs@amazon.com,Female,18.235.100.247
81,39,46,hsattingt@soup.io,Male,33.222.31.29
11,29,89,bozannegu@dion.ne.jp,Male,224.160.176.221
80,20,52,glountgv@wix.com,Male,145.28.102.50
53,63,69,crobbsgw@quantcast.com,Male,123.52.249.236
96,37,33,tlowdyanegx@privacy.gov.au,Male,205.134.129.109
82,63,52,mvennygy@uiuc.edu,Female,224.100.36.63
44,40,36,lmackimmiegz@reverbnation.com,Female,72.106.161.177
41,69,11,bcowph0@hugedomains.com,Male,173.126.17.172
6,49,21,jrosboroughh1@yellowbook.com,Male,46.201.190.211
21,22,76,bmontelh2@whitehouse.gov,Female,120.169.6.133
91,99,25,kmewetth3@fastcompany.com,Female,124.107.69.120
13,82,28,etopperh4@mapy.cz,Male,237.129.150.77
37,98,47,gscamelh5@jiathis.com,Male,254.112.67.73
10,37,55,adobbinsonh6@delicious.com,Female,154.171.111.87
36,98,94,kstovineh7@mtv.com,Male,104.157.206.188
72,21,36,jfoaleh8@free.fr,Male,136.131.224.51
28,51,80,schesswash9@networksolutions.com,Female,36.13.25.254
98,44,52,gpomfrettha@blog.com,Female,87.103.166.88
45,64,40,wglasscoohb@yale.edu,Female,166.197.204.68
34,4,78,hpavolinihc@illinois.edu,Female,110.179.169.29
3,53,73,gstilwellhd@qq.com,Male,241.176.144.170
37,61,74,kclarabuthe@un.org,Male,78.171.197.124
20,43,38,jbatteyhf@devhub.com,Male,112.8.201.116
88,35,72,hkleeweinhg@springer.com,Male,12.112.63.252
56,34,78,gbullockehh@xrea.com,Male,8.89.16.179
77,79,12,mmyhanhi@scientificamerican.com,Female,118.0.132.2
80,17,7,cmetzkehj@netlog.com,Female,187.215.188.138
5,57,65,gshoulderhk@cargocollective.com,Male,205.37.103.251
32,48,4,ecoalhl@paginegialle.it,Male,145.189.225.35
86,99,53,npietraszekhm@yolasite.com,Male,211.212.197.156
33,96,50,nbostonhn@yahoo.co.jp,Female,66.243.0.208
69,93,69,vwoodroffeho@istockphoto.com,Male,168.142.189.103
52,96,17,ebynethhp@webs.com,Male,246.136.233.91
88,29,50,bposthillhq@answers.com,Male,59.154.5.39
82,80,18,obrooksbiehr@marriott.com,Male,181.227.214.77
63,73,45,trulerhs@g.co,Male,86.182.97.235
63,57,93,alewknorht@wordpress.com,Male,88.109.11.65
62,45,59,ahannayhu@latimes.com,Female,9.186.245.223
32,27,87,spruvosthv@ifeng.com,Female,178.157.217.52
41,8,54,cwestleyhw@ehow.com,Female,55.102.16.184
45,61,86,nschieferstenhx@who.int,Female,79.73.80.57
25,51,72,kjaqueminethy@google.ru,Female,123.211.189.244
44,84,98,vkasehz@sina.com.cn,Male,2.121.132.191
11,45,30,mmcalesteri0@answers.com,Male,91.162.227.38
61,39,25,ngoddardi1@discovery.com,Male,26.59.169.32
16,36,13,gcoateni2@google.ru,Male,255.69.149.206
46,30,70,scongreavei3@chron.com,Female,100.171.26.84
91,3,19,lmanthorpei4@boston.com,Female,135.159.100.143
95,17,100,cloddyi5@google.ru,Female,244.124.217.158
92,44,51,tgutansi6@hao123.com,Male,100.220.145.146
80,18,10,cbrumeni7@4shared.com,Female,83.188.145.228
40,45,93,dlehreri8@gmpg.org,Male,31.94.97.116
34,71,88,nconlaundi9@seesaa.net,Female,145.253.193.134
83,49,24,bcohrsia@furl.net,Female,194.81.255.141
58,93,67,eoxtarbyib@acquirethisname.com,Female,226.118.126.226
26,81,82,tpendredic@uiuc.edu,Female,60.0.56.127
22,52,77,ccarbryid@wikispaces.com,Male,4.69.252.40
31,30,26,whurkettie@t-online.de,Male,18.235.153.59
25,43,38,xhaugenif@about.me,Male,207.93.237.139
69,97,73,lfaulconbridgeig@senate.gov,Male,97.250.230.167
11,93,7,scrowestih@nps.gov,Male,91.195.137.167
88,13,100,rsermanii@paginegialle.it,Male,125.211.126.29
99,90,14,fperulliij@google.pl,Male,131.251.187.181
32,91,28,giaduccelliik@sbwire.com,Male,97.1.169.201
12,76,24,mtierneyil@weather.com,Male,202.15.42.21
45,32,24,dilyinim@dell.com,Female,85.173.37.247
81,98,7,binnotin@google.cn,Male,121.153.183.204
1,97,92,aabramovitzio@odnoklassniki.ru,Male,189.119.164.64
44,5,98,onyssenip@nhs.uk,Male,30.133.191.112
96,89,90,ltalbyiq@over-blog.com,Female,59.101.95.200
8,77,67,bfeldbauir@blogger.com,Male,172.157.232.74
99,22,70,bmallaboneis@t-online.de,Male,185.88.30.211
89,23,89,labbatucciit@forbes.com,Male,206.7.216.1
96,76,80,ajoveyiu@opensource.org,Female,130.163.200.34
29,75,15,vcaganiv@lulu.com,Male,209.224.122.82
11,87,97,wprinettiw@bluehost.com,Male,168.43.229.107
44,86,28,eragotix@multiply.com,Male,20.92.237.170
31,73,70,mormistoniy@t-online.de,Male,91.200.8.75
20,3,87,ahuguesiz@ca.gov,Male,110.139.40.106
1,40,79,lburvillj0@histats.com,Male,58.115.115.199
90,68,72,astuckowj1@wired.com,Female,219.162.195.37
65,64,84,smcaveyj2@nymag.com,Male,8.252.172.192
62,97,70,bstranahanj3@storify.com,Male,17.56.41.106
15,92,77,cneavej4@simplemachines.org,Male,67.228.92.61
63,34,11,sjewsterj5@sphinn.com,Male,143.25.213.223
21,7,34,urycej6@disqus.com,Male,163.219.180.12
89,79,27,asimcockj7@facebook.com,Male,130.71.230.36
74,61,67,tkrausej8@ucoz.ru,Male,187.163.39.114
94,27,42,schoudhuryj9@wp.com,Male,225.165.239.244
32,76,22,sgrolmannja@technorati.com,Male,79.143.160.77
18,77,66,mgrishaninjb@woothemes.com,Female,35.79.124.104
13,57,27,hgoodletjc@nbcnews.com,Male,208.218.63.91
37,28,22,mjerokjd@home.pl,Female,70.60.245.26
97,39,12,kbussellje@noaa.gov,Female,87.63.239.152
36,41,95,mletterickjf@taobao.com,Female,82.175.249.135
56,74,24,ogeraudjg@ow.ly,Male,23.159.86.55
21,79,3,sburrisjh@phpbb.com,Female,66.196.231.16
55,94,26,tmoneypennyji@nba.com,Male,237.195.185.81
40,25,18,jpamplingjj@macromedia.com,Female,191.182.253.77
78,83,34,cmilliganjk@feedburner.com,Male,191.191.99.24
42,37,30,wbaldazzijl@dailymail.co.uk,Female,184.219.47.176
46,91,96,awysomejm@umn.edu,Male,45.136.14.235
82,50,90,kaxelbeyjn@state.gov,Female,110.71.125.239
58,65,75,kgoveyjo@examiner.com,Male,52.146.15.170
38,44,15,nrenvoisejp@scientificamerican.com,Male,170.32.148.179
4,11,80,rraddishjq@multiply.com,Female,157.194.116.208
10,22,97,lmorjr@mail.ru,Female,149.92.232.81
77,16,41,prelphjs@trellian.com,Male,182.111.104.176
30,58,8,dgarzjt@eepurl.com,Male,17.56.201.123
89,12,63,psandryju@abc.net.au,Female,177.59.54.188
90,42,17,alethburyjv@sogou.com,Female,112.179.249.233
80,87,51,mjurewiczjw@quantcast.com,Female,18.109.100.212
17,22,2,krogezjx@ask.com,Female,104.241.251.2
67,72,61,vderobertisjy@yahoo.co.jp,Female,233.110.191.125
79,31,85,pvalenssmithjz@arizona.edu,Female,234.157.11.118
70,14,13,wpitcaithleyk0@alexa.com,Female,26.193.60.223
33,66,65,bcovellk1@hubpages.com,Female,6.192.198.247
45,26,5,rmcilmoriek2@stumbleupon.com,Male,57.184.73.224
4,100,100,hextallk3@w3.org,Male,125.55.111.254
41,24,31,tboylek4@aol.com,Female,221.215.88.192
49,81,63,ccleughk5@google.it,Female,135.212.246.93
73,97,87,jgraeserk6@sohu.com,Female,235.35.117.208
16,91,97,hheldk7@amazon.co.jp,Female,238.209.13.137
92,25,7,bivanitsak8@unicef.org,Male,144.231.96.230
66,91,57,csantusk9@nasa.gov,Male,39.159.147.168
74,34,26,bdemeadka@reddit.com,Male,154.10.180.6
83,75,32,apilburykb@blogspot.com,Male,156.107.84.78
49,66,61,apauleaukc@washingtonpost.com,Female,126.225.18.118
20,94,88,gbeningfieldkd@google.es,Male,204.244.226.116
8,73,39,scutforthke@mapquest.com,Female,38.176.1.151
7,15,5,ikubelkakf@seesaa.net,Female,94.154.8.16
21,81,8,acaldicotkg@friendfeed.com,Female,143.87.105.65
23,96,6,trugierikh@springer.com,Male,175.215.144.47
25,94,78,nmattioliki@msu.edu,Male,98.146.116.207
85,77,97,ldehaileskj@list-manage.com,Female,116.103.246.183
43,66,35,jdepkekk@liveinternet.ru,Male,26.54.209.178
14,3,93,lforseykl@ehow.com,Female,208.4.86.7
11,88,17,ldagnankm@java.com,Male,100.72.191.139
67,51,5,wwinmankn@globo.com,Female,78.22.123.215
26,31,37,hmeaseko@stanford.edu,Male,159.84.25.20
68,45,75,fambroginikp@adobe.com,Female,76.219.96.69
1,82,40,whaccletonkq@geocities.com,Female,85.154.168.10
61,38,12,jjesticokr@shop-pro.jp,Female,161.135.50.58
27,62,37,lknockerks@telegraph.co.uk,Male,113.254.7.85
35,4,86,gphilcoxkt@hao123.com,Female,209.107.59.47
21,68,31,btilneyku@seattletimes.com,Female,141.102.104.29
41,43,6,fborlesskv@discovery.com,Female,29.217.184.39
8,46,55,bspiniellokw@engadget.com,Male,233.165.145.81
70,12,58,tchestnuttkx@miibeian.gov.cn,Male,213.170.19.33
58,57,46,khuxterky@biblegateway.com,Male,246.77.14.140
40,87,94,afrenzlkz@biblegateway.com,Male,105.169.229.131
9,49,43,cvowellsl0@privacy.gov.au,Female,93.68.50.100
74,91,34,bfurlowl1@sciencedaily.com,Female,98.31.195.252
73,41,83,fmixl2@storify.com,Male,187.176.57.133
97,6,65,fdenevel3@army.mil,Male,197.175.9.240
70,50,44,ejerraml4@istockphoto.com,Female,15.184.76.222
49,83,71,edoull5@cyberchimps.com,Female,71.237.162.47
6,45,44,rsnookesl6@storify.com,Female,170.10.134.160
49,93,91,epetrellil7@upenn.edu,Female,107.241.182.97
11,32,52,tcoasel8@goo.ne.jp,Male,244.93.15.163
96,47,10,dortigerl9@nba.com,Male,70.143.168.32
62,19,10,mroccala@nba.com,Male,209.71.103.30
25,18,85,jgorcelb@google.pl,Male,151.53.211.84
20,97,56,avinecombelc@bloglovin.com,Female,36.50.179.142
6,49,47,bstookeld@smh.com.au,Male,28.92.128.194
9,22,12,frigatele@angelfire.com,Female,211.114.222.70
78,66,18,abarleylf@bloomberg.com,Female,202.195.69.155
84,70,37,gbloomfieldlg@devhub.com,Female,106.24.197.49
78,49,39,cvondryslh@ft.com,Female,44.177.85.175
98,70,10,bharmsonli@paginegialle.it,Male,220.253.162.255
11,6,23,zwillmettlj@360.cn,Female,57.40.32.196
55,32,28,rtaillantlk@so-net.ne.jp,Male,96.37.43.181
34,56,17,jgallacherll@furl.net,Male,210.25.26.114
88,77,1,jtipperlm@hao123.com,Female,131.253.48.62
91,65,73,lmathewsonln@flavors.me,Male,33.192.143.74
81,100,9,drawsthornelo@deviantart.com,Female,167.124.140.215
75,82,54,brollolp@zimbio.com,Male,183.235.56.95
59,40,73,dsevillelq@examiner.com,Male,166.157.180.228
51,38,11,edaneslr@quantcast.com,Male,103.143.213.89
97,14,2,acammls@pen.io,Male,247.96.56.122
8,58,33,rradmerlt@360.cn,Male,167.204.230.161
90,55,73,cigoelu@pbs.org,Male,253.173.105.108
75,74,48,dwoodhamslv@independent.co.uk,Female,22.157.76.133
17,32,7,rlosseljonglw@uol.com.br,Male,73.50.123.179
85,45,71,jfrudelx@weibo.com,Male,107.4.32.142
38,65,76,rbarghly@nifty.com,Female,188.91.201.51
70,30,63,kmaleclz@etsy.com,Male,105.25.43.214
45,50,86,vhorbartm0@psu.edu,Male,162.50.253.102
63,44,76,agoodsirm1@xinhuanet.com,Male,174.144.28.217
72,83,28,epearnem2@furl.net,Male,118.61.236.2
92,19,10,rbunyanm3@techcrunch.com,Female,104.43.94.2
28,17,62,kwhawellm4@usatoday.com,Male,149.94.234.170
24,59,83,mreemem5@cbslocal.com,Female,195.5.92.233
90,16,70,kbelseym6@wikispaces.com,Male,58.70.131.196
52,55,9,bmacadamm7@netvibes.com,Female,102.201.143.170
29,100,67,hzecchinim8@ning.com,Female,27.109.242.178
86,47,21,bdampierm9@twitter.com,Female,7.204.97.199
54,49,53,lesleyma@w3.org,Male,93.137.146.116
70,71,39,jwacklymb@bloglines.com,Female,252.215.222.50
18,34,30,slongdenmc@tiny.cc,Female,146.167.218.220
72,29,74,bpaullinmd@wikimedia.org,Male,19.219.172.14
67,85,34,sbutenme@geocities.com,Female,109.221.122.43
95,100,13,tbartolmf@google.co.jp,Female,213.28.242.51
81,18,17,gswaytemg@spotify.com,Male,124.251.109.28
89,83,100,gstokermh@boston.com,Female,43.216.44.250
24,98,23,atootalmi@google.de,Female,154.158.167.139
30,63,91,cwiddmj@chron.com,Female,167.189.22.148
3,98,91,rullrichmk@e-recht24.de,Male,145.228.99.189
96,14,54,jlaboneml@hatena.ne.jp,Male,5.164.17.217
34,14,8,ewathallmm@state.tx.us,Male,40.33.182.248
22,38,13,avaulkhardmn@linkedin.com,Female,180.34.250.121
88,36,59,treevemo@archive.org,Female,101.59.219.162
68,94,42,lbonallackmp@yale.edu,Female,238.104.255.172
92,62,56,dbuttlermq@blogtalkradio.com,Female,48.185.250.77
21,41,20,bbartholomewmr@ow.ly,Male,209.195.251.218
100,70,59,aehlerdingms@ucoz.com,Female,132.141.10.20
67,46,93,rbonhillmt@bbc.co.uk,Female,236.87.97.169
39,81,23,sheskinsmu@wiley.com,Male,167.114.83.221
19,44,51,middinsmv@de.vu,Female,110.1.255.202
77,51,61,dmucklestonmw@independent.co.uk,Female,161.92.168.206
68,58,81,amenendesmx@amazon.co.jp,Male,6.255.108.2
44,16,8,abelisonmy@tripod.com,Male,205.1.214.135
30,67,10,kprestmz@state.tx.us,Male,43.52.193.193
6,29,1,mbroadstockn0@umn.edu,Male,233.81.48.182
10,39,42,adevriesn1@typepad.com,Female,23.248.121.28
69,98,10,eknevetn2@uol.com.br,Male,208.166.126.146
67,48,95,njeffcoatn3@prweb.com,Female,116.108.214.128
66,51,61,gsketn4@deliciousdays.com,Female,214.183.24.41
35,33,22,mestrellan5@trellian.com,Male,211.26.117.212
66,4,76,nvanderhoevenn6@devhub.com,Female,82.223.188.41
8,83,21,kcocozzan7@cyberchimps.com,Male,168.139.58.244
31,34,94,jmcshean8@moonfruit.com,Male,224.85.14.213
69,55,57,iunworthn9@clickbank.net,Male,195.178.138.86
70,45,36,ieisigna@friendfeed.com,Female,141.234.7.151
75,42,90,sfowlesnb@businessweek.com,Female,230.35.233.112
91,17,47,cfardync@reuters.com,Female,203.18.186.170
85,34,82,hsheehannd@bandcamp.com,Male,11.73.99.73
64,39,26,asarfattine@go.com,Male,58.89.81.198
100,38,55,cairynf@usatoday.com,Male,79.132.63.255
98,35,14,rtyhurstng@java.com,Female,191.49.166.88
6,1,80,tibannh@nytimes.com,Male,1.209.36.0
44,86,42,freadheadni@yahoo.com,Male,1.148.166.97
90,20,22,ebroskenj@opensource.org,Female,154.160.105.189
49,87,34,mclappisonnk@jiathis.com,Male,178.121.24.225
88,31,16,owhenhamnl@facebook.com,Male,150.10.124.242
78,44,43,rphelpnm@economist.com,Male,236.210.8.142
89,13,84,jfilipicnn@mysql.com,Female,85.36.247.241
84,56,11,iantrumno@bravesites.com,Female,147.34.189.53
96,86,9,csertinnp@yahoo.com,Female,114.54.210.71
6,67,95,fkunzlernq@reference.com,Male,185.18.146.89
16,72,20,miannonr@eepurl.com,Female,246.129.192.106
39,31,62,bdjekovicns@wikipedia.org,Female,63.77.143.98
79,25,7,ljunesnt@google.nl,Female,231.166.148.67
12,51,62,tdechelettenu@storify.com,Female,50.74.49.134
34,28,39,ccappernv@quantcast.com,Male,18.110.222.250
62,27,100,churllnw@sourceforge.net,Female,215.191.155.72
92,29,78,gskirrownx@phpbb.com,Female,11.133.86.155
44,66,31,pstoffersny@imdb.com,Male,185.156.117.158
84,51,75,wlilleenz@spiegel.de,Male,6.221.107.197
5,57,81,dcolthardo0@miitbeian.gov.cn,Female,214.235.16.142
5,50,37,alemmanbieo1@zdnet.com,Male,145.150.15.11
54,73,57,cwalsheo2@si.edu,Female,131.254.33.129
45,26,52,sedinburgho3@columbia.edu,Male,200.191.110.86
34,15,55,sheimeso4@xinhuanet.com,Male,110.147.71.92
96,23,25,cmcgivenao5@shareasale.com,Female,158.160.137.180
34,89,96,rmaidstoneo6@fotki.com,Male,158.124.240.244
11,64,63,lrabjohno7@ocn.ne.jp,Male,158.25.184.133
11,21,76,whumpatcho8@salon.com,Male,77.11.14.10
89,34,9,rkersleyo9@hud.gov,Male,128.221.244.19
41,47,82,mabryoa@uiuc.edu,Male,213.174.138.193
53,62,76,vkindleyob@google.nl,Female,194.192.182.141
13,63,8,kjanosevicoc@vistaprint.com,Male,65.98.190.247
97,98,83,eravenscrofttod@cargocollective.com,Female,131.111.228.103
48,7,39,pbridgensoe@naver.com,Female,166.158.13.110
87,50,4,rchrismasof@lycos.com,Male,248.45.30.220
57,12,40,dlamdinog@narod.ru,Male,195.76.255.190
45,33,69,drubbensoh@hatena.ne.jp,Female,76.232.77.122
89,21,45,babrahamoi@state.tx.us,Female,15.54.1.111
87,9,96,dclemmowoj@reverbnation.com,Male,14.186.152.42
97,58,37,dbolverok@themeforest.net,Male,228.165.5.101
58,73,51,mcreaserol@npr.org,Female,125.161.20.8
41,89,100,bconnorsom@mail.ru,Female,162.71.52.227
44,20,1,msherrockon@imgur.com,Male,104.106.170.109
97,63,73,csavidgeoo@deliciousdays.com,Female,111.253.126.190
1,35,89,qwaggattop@ovh.net,Female,34.102.158.208
21,13,61,wdrengoq@etsy.com,Female,239.42.2.217
41,73,48,gquiltyor@aboutads.info,Female,249.42.224.130
32,35,98,sblissettos@rambler.ru,Female,151.21.128.244
13,12,48,bousbyot@howstuffworks.com,Female,60.27.155.225
32,64,34,dhammersleyou@irs.gov,Male,69.8.108.164
50,16,75,jwelbrockov@nps.gov,Female,33.193.64.172
64,50,19,isartonow@topsy.com,Male,217.100.106.243
38,78,23,mtompionox@1und1.de,Male,239.246.139.213
36,18,52,ebelamyoy@spiegel.de,Male,22.194.248.203
75,25,47,aneasamoz@google.es,Female,9.80.157.80
5,36,33,smoloneyp0@arizona.edu,Female,137.254.61.179
67,71,17,cmarzellop1@blog.com,Male,209.168.93.60
80,75,5,jinklesp2@fotki.com,Male,151.183.100.134
89,26,29,mgiacovellip3@multiply.com,Female,202.15.184.205
87,100,86,gcliffp4@macromedia.com,Male,58.22.150.118
99,69,59,chaistwellp5@miibeian.gov.cn,Female,63.172.208.122
34,39,42,gputmanp6@huffingtonpost.com,Female,107.164.199.207
19,71,6,vkitchasidep7@omniture.com,Female,126.109.182.87
15,27,7,tkolczynskip8@sogou.com,Female,7.115.23.22
32,50,40,djordinep9@europa.eu,Male,29.204.221.200
71,37,20,ohanfordpa@sourceforge.net,Male,231.212.124.223
7,25,14,mlinkiepb@wikia.com,Male,156.134.168.197
56,97,13,dneachellpc@bloglines.com,Female,171.144.160.108
3,65,91,pmurrapd@mapy.cz,Male,43.68.216.188
43,90,61,dstribblingpe@hexun.com,Female,12.138.4.203
64,12,34,ddoughillpf@cdbaby.com,Male,100.183.178.184
28,48,41,lclynmanpg@prweb.com,Female,11.20.47.225
79,44,61,tgullyesph@dyndns.org,Male,23.98.207.111
87,15,51,rcorkettpi@bandcamp.com,Female,247.80.179.244
54,44,44,lsleemanpj@privacy.gov.au,Female,164.110.62.119
51,96,91,wpargiterpk@instagram.com,Male,143.87.177.86
34,89,25,arollingsonpl@studiopress.com,Female,16.204.39.11
10,57,55,mnovotnepm@squarespace.com,Female,149.224.135.148
2,82,40,lhaygreenpn@yahoo.co.jp,Female,126.155.34.102
12,52,39,spuddenpo@about.com,Female,2.161.193.132
33,47,11,tantonatpp@google.com,Male,100.254.133.190
41,22,24,mathowepq@chicagotribune.com,Female,240.213.36.163
82,64,50,fkidbypr@deliciousdays.com,Male,25.8.34.142
90,15,76,gwackleyps@answers.com,Female,223.17.101.133
8,78,80,bginnerpt@moonfruit.com,Female,29.123.229.97
59,70,78,tluggpu@ovh.net,Female,243.46.6.161
91,4,94,shegertypv@pcworld.com,Male,172.218.233.253
59,97,58,jlinleypw@bizjournals.com,Male,130.130.118.255
53,68,98,bfaropx@indiatimes.com,Female,70.167.63.208
36,76,17,lhirsthousepy@wired.com,Female,101.10.143.154
58,65,2,jmixterpz@soup.io,Male,159.200.106.150
19,60,36,bbumfreyq0@ebay.com,Male,20.61.112.148
94,40,52,wwillwoodq1@paypal.com,Female,33.0.182.204
35,53,88,lhuleattq2@chron.com,Male,58.37.177.169
58,94,34,sdohrq3@techcrunch.com,Female,204.167.131.30
3,86,42,bburelq4@cdbaby.com,Male,37.237.46.82
72,89,74,acollumbineq5@printfriendly.com,Female,173.33.138.238
80,36,43,bfeaversq6@ucoz.com,Male,57.254.75.9
100,17,57,kcumberpatchq7@ucla.edu,Female,178.193.239.155
69,85,56,kcathieq8@google.de,Female,23.16.103.193
32,58,80,cspinigeq9@topsy.com,Male,54.216.151.84
78,77,77,vgreystokeqa@dailymail.co.uk,Female,182.33.216.115
85,83,87,eburstoweqb@paypal.com,Female,116.244.163.67
78,31,30,ymcswanqc@ustream.tv,Male,184.167.183.222
43,84,86,mlintonqd@yahoo.com,Male,90.80.70.29
18,34,6,mabramovqe@istockphoto.com,Female,93.33.212.248
17,33,59,gtenauntqf@comsenz.com,Male,136.67.118.198
87,54,57,ddonkeqg@nps.gov,Male,35.244.61.3
80,12,74,sgepheartqh@mozilla.com,Male,49.38.132.157
2,81,12,wclutramqi@gmpg.org,Male,193.221.208.245
61,85,93,dguddqj@sakura.ne.jp,Female,119.220.51.204
87,45,43,vrimesqk@tuttocitta.it,Female,249.193.16.214
56,36,28,npatifieldql@constantcontact.com,Female,155.203.32.244
7,43,45,nquidenhamqm@cargocollective.com,Male,99.89.115.105
62,35,12,cpentecustqn@mashable.com,Male,141.4.243.136
49,27,81,vfriedankqo@weather.com,Female,129.136.220.158
99,77,76,hhuckettqp@zdnet.com,Male,230.74.94.8
59,16,6,asallqq@craigslist.org,Male,172.194.188.157
27,36,40,mbudnkqr@youtube.com,Male,235.73.133.52
18,3,8,ffurtadoqs@slideshare.net,Female,146.105.150.156
7,8,65,ileverichqt@icq.com,Male,126.192.159.93
83,49,31,ltheriotqu@ow.ly,Female,35.26.68.34
43,9,23,fquadriqv@booking.com,Female,141.43.63.80
61,39,72,scastillaqw@gov.uk,Male,237.43.216.57
38,62,67,rpeileqx@mlb.com,Male,100.173.143.45
49,70,69,lavrahamovqy@cocolog-nifty.com,Male,110.244.198.25
14,57,75,mcardusqz@nyu.edu,Female,137.0.227.234
97,8,7,codoughertyr0@seattletimes.com,Male,57.43.217.51
52,100,21,osabbanr1@gmpg.org,Female,47.230.60.48
23,81,31,ldownesr2@github.io,Female,114.59.146.248
14,44,49,farmfirldr3@ustream.tv,Male,190.8.241.121
98,80,2,sauchterlonyr4@usnews.com,Female,113.51.226.231
74,73,29,bdrysdaler5@mediafire.com,Male,254.105.54.24
98,28,69,lkimbellr6@histats.com,Female,78.176.119.116
84,79,6,ksewellr7@usgs.gov,Male,159.1.38.145
4,10,17,ngratrexr8@stumbleupon.com,Male,253.112.155.43
74,74,55,kcamerellor9@meetup.com,Female,181.164.114.157
44,60,35,awyeldra@gov.uk,Female,225.137.230.121
97,48,37,aanthonrb@newsvine.com,Male,5.202.164.28
18,44,94,eberthodrc@slashdot.org,Female,78.147.93.152
65,47,14,sgrisenthwaiterd@yelp.com,Male,182.14.208.25
51,60,83,tjerochre@foxnews.com,Female,119.112.221.126
41,17,67,clipyeatrf@techcrunch.com,Male,14.19.123.218
86,34,83,jsindlerg@answers.com,Male,147.175.68.58
38,81,35,ebecarrarh@etsy.com,Female,125.106.128.23
82,36,63,brosenwasserri@seesaa.net,Female,177.60.158.246
21,19,5,cbackshawrj@skype.com,Female,239.255.131.210
49,33,67,ebushbyrk@sina.com.cn,Female,240.202.93.198
76,52,21,jcolebeckrl@go.com,Male,107.224.194.110
3,88,72,lknowlingrm@comcast.net,Male,28.103.17.231
27,16,38,bschimmangrn@unicef.org,Female,55.175.192.53
10,94,26,nbyrcherro@arizona.edu,Female,188.16.100.218
93,77,22,cgoskerrp@list-manage.com,Male,106.152.133.20
18,40,22,byarnellrq@google.ru,Female,4.53.86.112
73,30,40,mjustunrr@ycombinator.com,Female,148.139.21.40
